chan_name,x,y,z,dist
0-0,0.00020000000000000573,2.5497,0.0007,2.54970000784406
0-1,0.00020000000000000573,2.5497,0.0007,2.54970000784406
0-2,2.2499000000000002,1.3497,0.0002,2.623688262732446
0-3,2.2499000000000002,1.3497,0.0002,2.623688262732446
0-4,2.2503,-1.3499,0.0,2.6241341619665715
0-5,2.2503,-1.3499,0.0,2.6241341619665715
0-6,-0.0002999999999999947,-2.5496999999999996,-0.0007,2.5497000176491347
0-7,-0.0002999999999999947,-2.5496999999999996,-0.0007,2.5497000176491347
0-8,-2.25,-1.3497,-0.0001,2.623774016564689
0-9,-2.25,-1.3497,-0.0001,2.623774016564689
0-10,-2.2504,1.3498999999999999,0.0,2.6242199164704165
0-11,-2.2504,1.3498999999999999,0.0,2.6242199164704165
0-12,-3.7278,4.4429,-0.0,5.799642510534593
0-13,-3.7278,4.4429,-0.0,5.799642510534593
0-14,3.7277,4.4437,0.0006,5.800191115816788
0-15,3.7277,4.4437,0.0006,5.800191115816788
0-16,5.7121,1.007,-0.0003,5.800184084147675
0-17,5.7121,1.007,-0.0003,5.800184084147675
0-18,5.0233,-2.9002,-0.0002,5.800405410831211
0-19,5.0233,-2.9002,-0.0002,5.800405410831211
0-20,1.9841999999999997,-5.4502999999999995,-0.0006,5.800243075078836
0-21,1.9841999999999997,-5.4502999999999995,-0.0006,5.800243075078836
0-22,-1.9842,-5.4497,-0.001,5.799679278201511
0-23,-1.9842,-5.4497,-0.001,5.799679278201511
0-24,-5.0226999999999995,-2.8996999999999997,-0.0006,5.799635797185888
0-25,-5.0226999999999995,-2.8996999999999997,-0.0006,5.799635797185888
0-26,-5.712,1.0066,0.0001,5.800016168942979
0-27,-5.712,1.0066,0.0001,5.800016168942979
0-28,-9.008,2.4169,-0.0004,9.326600109900712
0-29,-9.008,2.4169,-0.0004,9.326600109900712
0-30,-7.9239999999999995,5.910200000000001,0.0003,9.88535482620629
0-31,-7.9239999999999995,5.910200000000001,0.0003,9.88535482620629
0-32,-4.2854,9.3952,0.0009,10.32639512124149
0-33,-4.2854,9.3952,0.0009,10.32639512124149
0-34,2.9868,9.6469,0.0013,10.09869565092443
0-35,2.9868,9.6469,0.0013,10.09869565092443
0-36,5.9076,8.2711,0.0008,10.164193670429544
0-37,5.9076,8.2711,0.0008,10.164193670429544
0-38,8.738900000000001,5.0433,0.0012,10.089759566015436
0-39,8.738900000000001,5.0433,0.0012,10.089759566015436
0-40,9.2022,0.8087,0.0004,9.237666400666349
0-41,9.2022,0.8087,0.0004,9.237666400666349
0-42,7.6171,-4.7641,-0.0003,8.984256297546281
0-43,7.6171,-4.7641,-0.0003,8.984256297546281
0-44,4.8329,-8.654399999999999,-0.0005,9.91239435101328
0-45,4.8329,-8.654399999999999,-0.0005,9.91239435101328
0-46,0.6815,-10.0654,-0.0007,10.088444845961146
0-47,0.6815,-10.0654,-0.0007,10.088444845961146
0-48,-3.0544,-8.7981,-0.0009,9.313212279874222
0-49,-3.0544,-8.7981,-0.0009,9.313212279874222
0-50,-6.902299999999999,-5.845899999999999,-0.0011,9.045235878626935
0-51,-6.902299999999999,-5.845899999999999,-0.0011,9.045235878626935
0-52,-9.0464,-1.7024000000000001,-0.0006,9.205189770993318
0-53,-9.0464,-1.7024000000000001,-0.0006,9.205189770993318
0-54,-13.4325,5.0399,-0.0,14.346868935764347
0-55,-13.4325,5.0399,-0.0,14.346868935764347
0-56,-12.0346,8.5916,0.0004,14.78672335982519
0-57,-12.0346,8.5916,0.0004,14.78672335982519
0-58,-9.5348,10.466800000000001,0.0007,14.158612689101995
0-59,-9.5348,10.466800000000001,0.0007,14.158612689101995
0-60,-1.9704000000000002,13.046,0.0016,13.193960442566135
0-61,-1.9704000000000002,13.046,0.0016,13.193960442566135
0-62,0.1844,15.125,0.0021,15.12612403624934
0-63,0.1844,15.125,0.0021,15.12612403624934
0-64,6.7346,11.4903,0.0018,13.318477061961701
0-65,6.7346,11.4903,0.0018,13.318477061961701
0-66,10.4064,7.9834,0.0013,13.115938263044699
0-67,10.4064,7.9834,0.0013,13.115938263044699
0-68,14.4268,4.5098,0.0008,15.115252372355549
0-69,14.4268,4.5098,0.0008,15.115252372355549
0-70,13.4366,1.3022,0.001,13.499553488912143
0-71,13.4366,1.3022,0.001,13.499553488912143
0-72,12.6022,-3.3766,0.0002,13.046718836550438
0-73,12.6022,-3.3766,0.0002,13.046718836550438
0-74,9.1958,-9.4979,-0.0009,13.22016800384927
0-75,9.1958,-9.4979,-0.0009,13.22016800384927
0-76,7.3745,-11.6069,-0.0013,13.751486387296465
0-77,7.3745,-11.6069,-0.0013,13.751486387296465
0-78,2.2496,-13.075099999999999,-0.0009,13.267212976733282
0-79,2.2496,-13.075099999999999,-0.0009,13.267212976733282
0-80,-1.4101000000000001,-15.039299999999999,-0.0017,15.105261550201638
0-81,-1.4101000000000001,-15.039299999999999,-0.0017,15.105261550201638
0-82,-9.1754,-10.7592,-0.0015,14.140309395483538
0-83,-9.1754,-10.7592,-0.0015,14.140309395483538
0-84,-11.6394,-7.6282,-0.0015,13.916359710786438
0-85,-11.6394,-7.6282,-0.0015,13.916359710786438
0-86,-14.2127,-2.7847,-0.001,14.48293462596583
0-87,-14.2127,-2.7847,-0.001,14.48293462596583
1-0,-85.00089999999999,91.5497,0.006,124.9259803679763
1-1,-85.00089999999999,91.5497,0.006,124.9259803679763
1-2,-82.75019999999999,90.3497,0.0055,122.51801455349332
1-3,-82.75019999999999,90.3497,0.0055,122.51801455349332
1-4,-82.75089999999999,87.6493,0.0059,120.54091106881513
1-5,-82.75089999999999,87.6493,0.0059,120.54091106881513
1-6,-85.00049999999999,86.4495,0.0053,121.23778722205383
1-7,-85.00049999999999,86.4495,0.0053,121.23778722205383
1-8,-87.25019999999999,87.6495,0.0058,123.67308620023194
1-9,-87.25019999999999,87.6495,0.0058,123.67308620023194
1-10,-87.25059999999999,90.34909999999999,0.0059,125.60106317690945
1-11,-87.25059999999999,90.34909999999999,0.0059,125.60106317690945
1-12,-86.9845,83.54939999999999,0.0049,120.61013838235158
1-13,-86.9845,83.54939999999999,0.0049,120.61013838235158
1-14,-90.023,86.09949999999999,0.0053,124.56831229991838
1-15,-90.023,86.09949999999999,0.0053,124.56831229991838
1-16,-90.71209999999999,90.00659999999999,0.0054,127.78839200009521
1-17,-90.71209999999999,90.00659999999999,0.0054,127.78839200009521
1-18,-88.7281,93.4427,0.0067,128.8573393831333
1-19,-88.7281,93.4427,0.0067,128.8573393831333
1-20,-85.0008,94.79979999999999,0.0062,127.3268945693721
1-21,-85.0008,94.79979999999999,0.0062,127.3268945693721
1-22,-81.2726,93.4429,0.0065,123.84187931055472
1-23,-81.2726,93.4429,0.0065,123.84187931055472
1-24,-79.28819999999999,90.0068,0.0065,119.9493339101139
1-25,-79.28819999999999,90.0068,0.0065,119.9493339101139
1-26,-79.978,86.09909999999999,0.0056,117.51398003986588
1-27,-79.978,86.09909999999999,0.0056,117.51398003986588
1-28,-83.0161,83.5489,0.0053,117.77984356595147
1-29,-83.0161,83.5489,0.0053,117.77984356595147
1-30,-82.5897,79.9891,0.0047,114.9752784945529
1-31,-82.5897,79.9891,0.0047,114.9752784945529
1-32,-86.15629999999999,79.1823,0.0053,117.01600173899293
1-33,-86.15629999999999,79.1823,0.0053,117.01600173899293
1-34,-90.99449999999999,80.5916,0.004399999999999999,121.55247846428306
1-35,-90.99449999999999,80.5916,0.004399999999999999,121.55247846428306
1-36,-94.8483,86.7635,0.0048,128.54611991476054
1-37,-94.8483,86.7635,0.0048,128.54611991476054
1-38,-95.1173,89.97999999999999,0.0054,130.93395724291693
1-39,-95.1173,89.97999999999999,0.0054,130.93395724291693
1-40,-93.7375,94.0458,0.0058,132.78302377898314
1-41,-93.7375,94.0458,0.0058,132.78302377898314
1-42,-90.3026,96.5641,0.0063999999999999994,132.2088687477886
1-43,-90.3026,96.5641,0.0063999999999999994,132.2088687477886
1-44,-84.68339999999999,97.97739999999999,0.0073,129.50231328559346
1-45,-84.68339999999999,97.97739999999999,0.0073,129.50231328559346
1-46,-76.62469999999999,94.6227,0.0072,121.75713533662
1-47,-76.62469999999999,94.6227,0.0072,121.75713533662
1-48,-75.8543,90.75319999999999,0.0063,118.27940707802858
1-49,-75.8543,90.75319999999999,0.0063,118.27940707802858
1-50,-76.4875,85.946,0.006,115.0523905542601
1-51,-76.4875,85.946,0.006,115.0523905542601
1-52,-79.00349999999999,82.0163,0.0055,113.87812115564604
1-53,-79.00349999999999,82.0163,0.0055,113.87812115564604
1-54,-82.6488,74.8466,0.0046,111.50263527379072
1-55,-82.6488,74.8466,0.0046,111.50263527379072
1-56,-86.4249,74.2801,0.0040999999999999995,113.9596270440545
1-57,-86.4249,74.2801,0.0040999999999999995,113.9596270440545
1-58,-89.2974,75.5085,0.0045,116.94254665864773
1-59,-89.2974,75.5085,0.0045,116.94254665864773
1-60,-95.3134,80.7705,0.0045,124.93405416382677
1-61,-95.3134,80.7705,0.0045,124.93405416382677
1-62,-98.1912,81.5979,0.0047,127.67039218961457
1-63,-98.1912,81.5979,0.0047,127.67039218961457
1-64,-98.3185,89.0874,0.0057,132.67664557490895
1-65,-98.3185,89.0874,0.0057,132.67664557490895
1-66,-97.1172,94.0195,0.0056,135.171805181739
1-67,-97.1172,94.0195,0.0056,135.171805181739
1-68,-96.11919999999999,99.2383,0.007,138.15621880874562
1-69,-96.11919999999999,99.2383,0.007,138.15621880874562
1-70,-92.84639999999999,99.985,0.0067,136.44579223251992
1-71,-92.84639999999999,99.985,0.0067,136.44579223251992
1-72,-88.3771,101.6017,0.0068,134.66037742149692
1-73,-88.3771,101.6017,0.0068,134.66037742149692
1-74,-81.3733,101.7122,0.0073,130.25738206232305
1-75,-81.3733,101.7122,0.0073,130.25738206232305
1-76,-78.6355,101.1887,0.0069,128.15106268751734
1-77,-78.6355,101.1887,0.0069,128.15106268751734
1-78,-74.80229999999999,97.4859,0.0066,122.87751944151542
1-79,-74.80229999999999,97.4859,0.0066,122.87751944151542
1-80,-71.2718,95.2978,0.0070999999999999995,119.00142923545077
1-81,-71.2718,95.2978,0.0070999999999999995,119.00142923545077
1-82,-71.0954,86.4326,0.0067,111.91581766631559
1-83,-71.0954,86.4326,0.0067,111.91581766631559
1-84,-72.5749,82.7338,0.0059,110.05452181737014
1-85,-72.5749,82.7338,0.0059,110.05452181737014
1-86,-75.4824,78.0837,0.0047,108.60320858726965
1-87,-75.4824,78.0837,0.0047,108.60320858726965
2-0,-92.0,-80.9499,-0.011800000000000001,122.54340582018274
2-1,-92.0,-80.9499,-0.011800000000000001,122.54340582018274
2-2,-89.7494,-82.1507,-0.011600000000000001,121.67042496371089
2-3,-89.7494,-82.1507,-0.011600000000000001,121.67042496371089
2-4,-89.75,-84.8503,-0.0119,123.50965917728864
2-5,-89.75,-84.8503,-0.0119,123.50965917728864
2-6,-91.9996,-86.0501,-0.0125,125.97041759941101
2-7,-91.9996,-86.0501,-0.0125,125.97041759941101
2-8,-94.2493,-84.8501,-0.012,126.81667879462859
2-9,-94.2493,-84.8501,-0.012,126.81667879462859
2-10,-94.2497,-82.1505,-0.011800000000000001,125.02683951992069
2-11,-94.2497,-82.1505,-0.011800000000000001,125.02683951992069
2-12,-86.2872,-82.4934,-0.012100000000000001,119.37605257085693
2-13,-86.2872,-82.4934,-0.012100000000000001,119.37605257085693
2-14,-86.977,-86.4005,-0.012100000000000001,122.59708368982518
2-15,-86.977,-86.4005,-0.012100000000000001,122.59708368982518
2-16,-90.0151,-88.9507,-0.012400000000000001,126.55016893904173
2-17,-90.0151,-88.9507,-0.012400000000000001,126.55016893904173
2-18,-93.98349999999999,-88.9502,-0.0128,129.4026133904953
2-19,-93.98349999999999,-88.9502,-0.0128,129.4026133904953
2-20,-97.0221,-86.4001,-0.012400000000000001,129.91637759890014
2-21,-97.0221,-86.4001,-0.012400000000000001,129.91637759890014
2-22,-97.7113,-82.4938,-0.011800000000000001,127.87777440247386
2-23,-97.7113,-82.4938,-0.011800000000000001,127.87777440247386
2-24,-95.7272,-79.0575,-0.0119,124.15226589188777
2-25,-95.7272,-79.0575,-0.0119,124.15226589188777
2-26,-92.0,-77.7005,-0.0109,120.42162472018886
2-27,-92.0,-77.7005,-0.0109,120.42162472018886
2-28,-88.2716,-79.05669999999999,-0.011200000000000002,118.498258136776
2-29,-88.2716,-79.05669999999999,-0.011200000000000002,118.498258136776
2-30,-82.9194,-79.5938,-0.0114,114.93824383032829
2-31,-82.9194,-79.5938,-0.0114,114.93824383032829
2-32,-81.7217,-84.487,-0.0119,117.54356392372148
2-33,-81.7217,-84.487,-0.0119,117.54356392372148
2-34,-85.1383,-90.91159999999999,-0.0119,124.55299732021706
2-35,-85.1383,-90.91159999999999,-0.0119,124.55299732021706
2-36,-87.7909,-92.7528,-0.012900000000000002,127.71187897235714
2-37,-87.7909,-92.7528,-0.012900000000000002,127.71187897235714
2-38,-92.002,-93.5895,-0.013500000000000002,131.2378090119231
2-39,-92.002,-93.5895,-0.013500000000000002,131.2378090119231
2-40,-95.8993,-91.8741,-0.012700000000000001,132.8063477071032
2-41,-95.8993,-91.8741,-0.012700000000000001,132.8063477071032
2-42,-99.9335,-87.7153,-0.0123,132.96871164428117
2-43,-99.9335,-87.7153,-0.0123,132.96871164428117
2-44,-101.9119,-83.3586,-0.012400000000000001,131.66127583906362
2-45,-101.9119,-83.3586,-0.012400000000000001,131.66127583906362
2-46,-101.0565,-79.0586,-0.0123,128.3069695153385
2-47,-101.0565,-79.0586,-0.0123,128.3069695153385
2-48,-98.092,-76.4563,-0.011300000000000001,124.36883160056622
2-49,-98.092,-76.4563,-0.011300000000000001,124.36883160056622
2-50,-93.6117,-74.6003,-0.011500000000000002,119.70110750105866
2-51,-93.6117,-74.6003,-0.011500000000000002,119.70110750105866
2-52,-88.9508,-74.8151,-0.0108,116.23056400383679
2-53,-88.9508,-74.8151,-0.0108,116.23056400383679
2-54,-80.91839999999999,-74.3878,-0.010400000000000001,109.91511382607943
2-55,-80.91839999999999,-74.3878,-0.010400000000000001,109.91511382607943
2-56,-78.5403,-77.3744,-0.0105,110.25142402459026
2-57,-78.5403,-77.3744,-0.0105,110.25142402459026
2-58,-78.1676,-80.4765,-0.011000000000000001,112.19019895699445
2-59,-78.1676,-80.4765,-0.011000000000000001,112.19019895699445
2-60,-79.7168,-88.3177,-0.012100000000000001,118.9738808963127
2-61,-79.7168,-88.3177,-0.012100000000000001,118.9738808963127
2-62,-78.9939,-91.2234,-0.0119,120.67205535984708
2-63,-78.9939,-91.2234,-0.0119,120.67205535984708
2-64,-85.4168,-95.0782,-0.0125,127.81194716254032
2-65,-85.4168,-95.0782,-0.0125,127.81194716254032
2-66,-90.2887,-96.5034,-0.0134,132.15504363909082
2-67,-90.2887,-96.5034,-0.0134,132.15504363909082
2-68,-95.3073,-98.2494,-0.013600000000000001,136.88106528534178
2-69,-95.3073,-98.2494,-0.013600000000000001,136.88106528534178
2-70,-97.5909,-95.7884,-0.013600000000000001,136.74575436689068
2-71,-97.5909,-95.7884,-0.013600000000000001,136.74575436689068
2-72,-101.2248,-92.7256,-0.0134,137.27526008134168
2-73,-101.2248,-92.7256,-0.0134,137.27526008134168
2-74,-104.8222,-86.71549999999999,-0.0122,136.04143322197837
2-75,-104.8222,-86.71549999999999,-0.0122,136.04143322197837
2-76,-105.7385,-84.08279999999999,-0.0128,135.09458774536455
2-77,-105.7385,-84.08279999999999,-0.0128,135.09458774536455
2-78,-104.4478,-78.9112,-0.0122,130.9057692016666
2-79,-104.4478,-78.9112,-0.0122,130.9057692016666
2-80,-104.3188,-74.7597,-0.0114,128.34104868486153
2-81,-104.3188,-74.7597,-0.0114,128.34104868486153
2-82,-92.7854,-69.6075,-0.0111,115.9928209390995
2-83,-92.7854,-69.6075,-0.0111,115.9928209390995
2-84,-87.3044,-69.79939999999999,-0.010100000000000001,111.77662769881725
2-85,-87.3044,-69.79939999999999,-0.010100000000000001,111.77662769881725
3-0,35.300799999999995,-121.1001,-0.0112,126.14032147037679
3-1,35.300799999999995,-121.1001,-0.0112,126.14032147037679
3-2,35.3011,-118.5496,-0.0111,123.69387746113387
3-3,35.3011,-118.5496,-0.0111,123.69387746113387
3-4,37.5507,-119.7498,-0.0103,125.49928155383998
3-5,37.5507,-119.7498,-0.0103,125.49928155383998
3-6,37.5511,-122.45009999999999,-0.0112,128.07853880030018
3-7,37.5511,-122.45009999999999,-0.0112,128.07853880030018
3-8,33.050799999999995,-122.4498,-0.0114,126.83181344079252
3-9,33.050799999999995,-122.4498,-0.0114,126.83181344079252
3-10,33.050399999999996,-119.75019999999999,-0.0112,124.22736952942374
3-11,33.050399999999996,-119.75019999999999,-0.0112,124.22736952942374
3-12,30.7292,-124.6708,-0.011,128.40207204434046
3-13,30.7292,-124.6708,-0.011,128.40207204434046
3-14,30.990099999999998,-117.21879999999999,-0.0105,121.24616848152357
3-15,30.990099999999998,-117.21879999999999,-0.0105,121.24616848152357
3-16,34.494,-115.3566,-0.0104,120.40341024887958
3-17,34.494,-115.3566,-0.0104,120.40341024887958
3-18,38.3741,-116.181,-0.0102,122.35438820005598
3-19,38.3741,-116.181,-0.0102,122.35438820005598
3-20,40.8164,-119.30789999999999,-0.0109,126.09660388515623
3-21,40.8164,-119.30789999999999,-0.0109,126.09660388515623
3-22,40.679,-123.2731,-0.0108,129.81154888764712
3-23,40.679,-123.2731,-0.0108,129.81154888764712
3-24,38.0237,-126.22099999999999,-0.0114,131.82390755356175
3-25,38.0237,-126.22099999999999,-0.0114,131.82390755356175
3-26,34.0948,-126.773,-0.0116,131.27775484079547
3-27,34.0948,-126.773,-0.0116,131.27775484079547
3-28,32.570299999999996,-130.0178,-0.0121,134.0352668476845
3-29,32.570299999999996,-130.0178,-0.0121,134.0352668476845
3-30,29.1176,-128.81199999999998,-0.0121,132.0619777746797
3-31,29.1176,-128.81199999999998,-0.0121,132.0619777746797
3-32,25.762099999999997,-125.0535,-0.0114,127.67953500330427
3-33,25.762099999999997,-125.0535,-0.0114,127.67953500330427
3-34,25.763199999999998,-117.77839999999999,-0.0112,120.56323643963776
3-35,25.763199999999998,-117.77839999999999,-0.0112,120.56323643963776
3-36,27.240899999999996,-114.9066,-0.0108,118.09146182671293
3-37,27.240899999999996,-114.9066,-0.0108,118.09146182671293
3-38,30.5658,-112.19109999999999,-0.0101,116.28031238713628
3-39,30.5658,-112.19109999999999,-0.0101,116.28031238713628
3-40,34.8135,-111.8744,-0.0101,117.16595562538633
3-41,34.8135,-111.8744,-0.0101,117.16595562538633
3-42,40.326299999999996,-113.65379999999999,-0.0101,120.5960062611113
3-43,40.326299999999996,-113.65379999999999,-0.0101,120.5960062611113
3-44,44.119099999999996,-116.5718,-0.0107,124.64140379524774
3-45,44.119099999999996,-116.5718,-0.0107,124.64140379524774
3-46,45.3836,-120.76979999999999,-0.0102,129.01556394869573
3-47,45.3836,-120.76979999999999,-0.0102,129.01556394869573
3-48,43.9867,-124.4585,-0.0111,132.00283329966823
3-49,43.9867,-124.4585,-0.0111,132.00283329966823
3-50,40.9013,-128.2018,-0.0108,134.56826470208344
3-51,40.9013,-128.2018,-0.0108,134.56826470208344
3-52,36.6855,-130.2,-0.012199999999999999,135.26960453202338
3-53,36.6855,-130.2,-0.012199999999999999,135.26960453202338
3-54,29.795099999999998,-134.3489,-0.0125,137.61313496617973
3-55,29.795099999999998,-134.3489,-0.0125,137.61313496617973
3-56,26.2941,-132.8279,-0.0127,135.4054308852492
3-57,26.2941,-132.8279,-0.0127,135.4054308852492
3-58,24.5081,-130.2626,-0.0125,132.5480740122994
3-59,24.5081,-130.2626,-0.0125,132.5480740122994
3-60,22.193199999999997,-122.6142,-0.0113,124.60650130663328
3-61,22.193199999999997,-122.6142,-0.0113,124.60650130663328
3-62,20.191399999999998,-120.38659999999999,-0.0115,122.06812070938095
3-63,20.191399999999998,-120.38659999999999,-0.0115,122.06812070938095
3-64,24.0525,-113.96799999999999,-0.0108,116.47844341443613
3-65,24.0525,-113.96799999999999,-0.0108,116.47844341443613
3-66,27.686,-110.4216,-0.0101,113.83955526336177
3-67,27.686,-110.4216,-0.0101,113.83955526336177
3-68,31.2978,-106.52359999999999,-0.0095,111.02625654231524
3-69,31.2978,-106.52359999999999,-0.0095,111.02625654231524
3-70,34.468399999999995,-107.6262,-0.009600000000000001,113.01092657349554
3-71,34.468399999999995,-107.6262,-0.009600000000000001,113.01092657349554
3-72,39.114599999999996,-108.6232,-0.0094,115.45107843324809
3-73,39.114599999999996,-108.6232,-0.0094,115.45107843324809
3-74,45.1135,-112.24069999999999,-0.0103,120.96777512519604
3-75,45.1135,-112.24069999999999,-0.0103,120.96777512519604
3-76,47.1573,-114.1357,-0.0094,123.4940037320841
3-77,47.1573,-114.1357,-0.0094,123.4940037320841
3-78,48.4471,-119.30789999999999,-0.009600000000000001,128.76915974261848
3-79,48.4471,-119.30789999999999,-0.009600000000000001,128.76915974261848
3-80,50.2818,-123.03349999999999,-0.0102,132.91163054259022
3-81,50.2818,-123.03349999999999,-0.0102,132.91163054259022
3-82,45.7329,-130.6454,-0.0115,138.41863560796284
3-83,45.7329,-130.6454,-0.0115,138.41863560796284
3-84,42.5173,-132.9983,-0.0118,139.62903925108128
3-85,42.5173,-132.9983,-0.0118,139.62903925108128
3-86,37.587599999999995,-135.402,-0.0125,140.52234440742865
3-87,37.587599999999995,-135.402,-0.0125,140.52234440742865
4-0,119.0007,-40.2493,0.00030000000000000003,125.62313780104364
4-1,119.0007,-40.2493,0.00030000000000000003,125.62313780104364
4-2,121.2503,-41.4501,0.0004,128.13955689052463
4-3,121.2503,-41.4501,0.0004,128.13955689052463
4-4,121.24969999999999,-44.1496,0.0001,129.03750203041747
4-5,121.24969999999999,-44.1496,0.0001,129.03750203041747
4-6,119.00009999999999,-45.349399999999996,-0.0005,127.34830929529453
4-7,119.00009999999999,-45.349399999999996,-0.0005,127.34830929529453
4-8,116.7504,-44.1494,0.0,124.81917088540526
4-9,116.7504,-44.1494,0.0,124.81917088540526
4-10,116.75,-41.449799999999996,0.0002,123.8896622807569
4-11,116.75,-41.449799999999996,0.0002,123.8896622807569
4-12,124.37859999999999,-44.9728,0.0006000000000000001,132.2595511779773
4-13,124.37859999999999,-44.9728,0.0006000000000000001,132.2595511779773
4-14,121.72319999999999,-47.9206,0.0,130.8163648883426
4-15,121.72319999999999,-47.9206,0.0,130.8163648883426
4-16,117.7944,-48.4726,-0.0002,127.3778380336234
4-17,117.7944,-48.4726,-0.0002,127.3778380336234
4-18,114.42989999999999,-46.3704,-0.0009999999999999998,123.46827936830576
4-19,114.42989999999999,-46.3704,-0.0009999999999999998,123.46827936830576
4-20,113.204,-42.5974,0.0001,120.95323105547862
4-21,113.204,-42.5974,0.0001,120.95323105547862
4-22,114.68969999999999,-38.918499999999995,0.0009,121.11307496855984
4-23,114.68969999999999,-38.918499999999995,0.0009,121.11307496855984
4-24,118.19369999999999,-37.0554,0.0004,123.86627220050661
4-25,118.19369999999999,-37.0554,0.0004,123.86627220050661
4-26,122.0727,-37.8806,0.0011,127.81503801059561
4-27,122.0727,-37.8806,0.0011,127.81503801059561
4-28,124.51589999999999,-41.0075,0.0006000000000000001,131.09471541240706
4-29,124.51589999999999,-41.0075,0.0006000000000000001,131.09471541240706
4-30,128.08839999999998,-40.7046,0.001,134.40053078660065
4-31,128.08839999999998,-40.7046,0.001,134.40053078660065
4-32,128.7705,-44.2977,0.0005,136.17682583883354
4-33,128.7705,-44.2977,0.0005,136.17682583883354
4-34,127.19449999999999,-49.0837,0.0004,136.3365337535761
4-35,127.19449999999999,-49.0837,0.0004,136.3365337535761
4-36,120.89139999999999,-52.7194,-0.00039999999999999996,131.8865638733529
4-37,120.89139999999999,-52.7194,-0.00039999999999999996,131.8865638733529
4-38,117.66739999999999,-52.8752,-0.00039999999999999996,129.00156509825763
4-39,117.66739999999999,-52.8752,-0.00039999999999999996,129.00156509825763
4-40,113.65259999999999,-51.3547,-0.00030000000000000003,124.71655342756229
4-41,113.65259999999999,-51.3547,-0.00030000000000000003,124.71655342756229
4-42,111.2554,-47.8337,-0.0005,121.1025469792027
4-43,111.2554,-47.8337,-0.0005,121.1025469792027
4-44,110.03809999999999,-42.1697,0.00030000000000000003,117.8417033553911
4-45,110.03809999999999,-42.1697,0.00030000000000000003,117.8417033553911
4-46,113.67349999999999,-34.2321,0.0011,118.71605313798129
4-47,113.67349999999999,-34.2321,0.0011,118.71605313798129
4-48,117.56599999999999,-33.5975,0.0015,122.27246771963833
4-49,117.56599999999999,-33.5975,0.0015,122.27246771963833
4-50,122.3501,-34.3975,0.0007999999999999999,127.09341043602537
4-51,122.3501,-34.3975,0.0007999999999999999,127.09341043602537
4-52,126.1886,-37.0492,0.0007,131.5150409291652
4-53,126.1886,-37.0492,0.0007,131.5150409291652
4-54,133.2276,-40.9431,0.0007,139.37693797529775
4-55,133.2276,-40.9431,0.0007,139.37693797529775
4-56,133.6597,-44.736399999999996,0.0012000000000000001,140.9477239583882
4-57,133.6597,-44.736399999999996,0.0012000000000000001,140.9477239583882
4-58,132.3333,-47.5659,0.0001,140.62224977470672
4-59,132.3333,-47.5659,0.0001,140.62224977470672
4-60,126.86399999999999,-53.393499999999996,-0.0010999999999999998,137.64207328520592
4-61,126.86399999999999,-53.393499999999996,-0.0010999999999999998,137.64207328520592
4-62,125.9386,-56.241,-0.0009999999999999998,137.92599845917374
4-63,125.9386,-56.241,-0.0009999999999999998,137.92599845917374
4-64,118.4476,-56.106899999999996,-0.0008,131.06417578182834
4-65,118.4476,-56.106899999999996,-0.0008,131.06417578182834
4-66,113.5606,-54.7338,-0.0008,126.06267780275016
4-67,113.5606,-54.7338,-0.0008,126.06267780275016
4-68,108.37889999999999,-53.5547,-0.0008,120.88875819239767
4-69,108.37889999999999,-53.5547,-0.0008,120.88875819239767
4-70,107.74699999999999,-50.2575,-0.0009999999999999998,118.89168312060352
4-71,107.74699999999999,-50.2575,-0.0009999999999999998,118.89168312060352
4-72,106.288,-45.7348,-9.999999999999996e-05,115.71002927594478
4-73,106.288,-45.7348,-9.999999999999996e-05,115.71002927594478
4-74,106.42129999999999,-38.730599999999995,0.0006000000000000001,113.24995571765137
4-75,106.42129999999999,-38.730599999999995,0.0006000000000000001,113.24995571765137
4-76,107.0401,-36.012299999999996,0.0004,112.9356841715673
4-77,107.0401,-36.012299999999996,0.0004,112.9356841715673
4-78,110.87469999999999,-32.311899999999994,0.0012000000000000001,115.48704681348465
4-79,110.87469999999999,-32.311899999999994,0.0012000000000000001,115.48704681348465
4-80,113.18469999999999,-28.8585,0.002,116.80577612575502
4-81,113.18469999999999,-28.8585,0.002,116.80577612575502
4-82,122.0496,-28.9928,0.002,125.44595374901496
4-83,122.0496,-28.9928,0.002,125.44595374901496
4-84,125.6964,-30.600699999999996,0.0015,129.3676459299233
4-85,125.6964,-30.600699999999996,0.0015,129.3676459299233
4-86,130.2424,-33.667199999999994,0.0016,134.52346677661856
4-87,130.2424,-33.667199999999994,0.0016,134.52346677661856
5-0,80.69940000000001,45.550599999999996,0.0076,92.66741779460568
5-1,80.69940000000001,45.550599999999996,0.0076,92.66741779460568
5-2,82.9501,44.3505,0.007200000000000001,94.06213871829621
5-3,82.9501,44.3505,0.007200000000000001,94.06213871829621
5-4,82.94940000000001,41.6502,0.007500000000000001,92.81886726522794
5-5,82.94940000000001,41.6502,0.007500000000000001,92.81886726522794
5-6,80.69980000000001,40.4504,0.0069,90.27010900735637
5-7,80.69980000000001,40.4504,0.0069,90.27010900735637
5-8,78.4501,41.6503,0.0074,88.82097545118496
5-9,78.4501,41.6503,0.0074,88.82097545118496
5-10,78.4497,44.35,0.0076,90.11813319243804
5-11,78.4497,44.35,0.0076,90.11813319243804
5-12,79.8923,48.7445,0.0077,93.58849223884313
5-13,79.8923,48.7445,0.0077,93.58849223884313
5-14,83.77350000000001,47.9199,0.008,96.51070468222684
5-15,83.77350000000001,47.9199,0.008,96.51070468222684
5-16,86.21560000000001,44.7923,0.008,97.15698545472684
5-17,86.21560000000001,44.7923,0.008,97.15698545472684
5-18,86.0784,40.827799999999996,0.0074,95.27014327374552
5-19,86.0784,40.827799999999996,0.0074,95.27014327374552
5-20,83.4229,37.8792,0.0074,91.61994344600961
5-21,83.4229,37.8792,0.0074,91.61994344600961
5-22,79.4941,37.3272,0.007200000000000001,87.82159070894811
5-23,79.4941,37.3272,0.007200000000000001,87.82159070894811
5-24,76.12960000000001,39.4294,0.0064,85.73443637488965
5-25,76.12960000000001,39.4294,0.0064,85.73443637488965
5-26,74.9037,43.2024,0.007500000000000001,86.46971515767818
5-27,74.9037,43.2024,0.007500000000000001,86.46971515767818
5-28,76.38940000000001,46.8807,0.007500000000000001,89.62778846345591
5-29,76.38940000000001,46.8807,0.007500000000000001,89.62778846345591
5-30,77.1122,52.2114,0.0083,93.12530095951368
5-31,77.1122,52.2114,0.0083,93.12530095951368
5-32,82.0445,53.238,0.0083,97.80380679835524
5-33,82.0445,53.238,0.0083,97.80380679835524
5-34,90.0931,46.8848,0.0082,101.56254791334256
5-35,90.0931,46.8848,0.0082,101.56254791334256
5-36,90.7827,42.6466,0.0078000000000000005,100.3007034414515
5-37,90.7827,42.6466,0.0078000000000000005,100.3007034414515
5-38,88.9334,38.8103,0.0068000000000000005,97.0329275125202
5-39,88.9334,38.8103,0.0068000000000000005,97.0329275125202
5-40,84.63470000000001,34.924499999999995,0.007,91.55737624211389
5-41,84.63470000000001,34.924499999999995,0.007,91.55737624211389
5-42,80.2119,33.0995,0.0063,86.77284023160703
5-43,80.2119,33.0995,0.0063,86.77284023160703
5-44,75.9441,34.1035,0.0058000000000000005,83.24995517752548
5-45,75.9441,34.1035,0.0058000000000000005,83.24995517752548
5-46,73.4475,37.1576,0.0063,82.31173970953354
5-47,73.4475,37.1576,0.0063,82.31173970953354
5-48,71.7487,41.700199999999995,0.0073,82.98664128478751
5-49,71.7487,41.700199999999995,0.0073,82.98664128478751
5-50,72.12710000000001,46.3502,0.0074,85.73598774406231
5-51,72.12710000000001,46.3502,0.0074,85.73598774406231
5-52,71.97850000000001,54.393499999999996,0.0086,90.2194951465591
5-53,71.97850000000001,54.393499999999996,0.0086,90.2194951465591
5-54,75.0473,56.6645,0.0081,94.03702886384704
5-55,75.0473,56.6645,0.0081,94.03702886384704
5-56,78.16090000000001,56.9293,0.008400000000000001,96.69576768039023
5-57,78.16090000000001,56.9293,0.008400000000000001,96.69576768039023
5-58,85.9419,55.108,0.0088,102.09261403064376
5-59,85.9419,55.108,0.0088,102.09261403064376
5-60,88.8722,55.729,0.0094,104.89990168651256
5-61,88.8722,55.729,0.0094,104.89990168651256
5-62,92.5009,49.1751,0.0081,104.75975830833136
5-63,92.5009,49.1751,0.0081,104.75975830833136
5-64,93.75450000000001,44.2562,0.0083,103.67505731220987
5-65,93.75450000000001,44.2562,0.0083,103.67505731220987
5-66,95.32440000000001,39.1791,0.0076,103.06184120308545
5-67,95.32440000000001,39.1791,0.0076,103.06184120308545
5-68,92.78460000000001,36.9832,0.0077,99.88362768442084
5-69,92.78460000000001,36.9832,0.0077,99.88362768442084
5-70,89.59750000000001,33.4588,0.0067,95.6410126655401
5-71,89.59750000000001,33.4588,0.0067,95.6410126655401
5-72,83.46640000000001,30.0728,0.006500000000000001,88.71873099182608
5-73,83.46640000000001,30.0728,0.006500000000000001,88.71873099182608
5-74,80.80170000000001,29.249,0.0061,85.93264061979012
5-75,80.80170000000001,29.249,0.0061,85.93264061979012
5-76,75.6794,30.720499999999998,0.0057,81.67692883923831
5-77,75.6794,30.720499999999998,0.0057,81.67692883923831
5-78,71.53460000000001,30.9934,0.0063,77.96018112292968
5-79,71.53460000000001,30.9934,0.0063,77.96018112292968
5-80,67.2167,38.7385,0.005900000000000001,77.58064282499856
5-81,67.2167,38.7385,0.005900000000000001,77.58064282499856
5-82,66.78750000000001,42.6992,0.0069,79.27037174688914
5-83,66.78750000000001,42.6992,0.0069,79.27037174688914
5-84,67.1713,48.1707,0.0077,82.65833220057128
5-85,67.1713,48.1707,0.0077,82.65833220057128
